-- phpMyAdmin SQL Dump
-- version 4.7.9
-- https://www.phpmyadmin.net/
--
-- Host: 127.0.0.1
-- Waktu pembuatan: 22 Agu 2019 pada 08.04
-- Versi server: 10.1.31-MariaDB
-- Versi PHP: 5.6.34

SET SQL_MODE = "NO_AUTO_VALUE_ON_ZERO";
SET AUTOCOMMIT = 0;
START TRANSACTION;
SET time_zone = "+00:00";


/*!40101 SET @OLD_CHARACTER_SET_CLIENT=@@CHARACTER_SET_CLIENT */;
/*!40101 SET @OLD_CHARACTER_SET_RESULTS=@@CHARACTER_SET_RESULTS */;
/*!40101 SET @OLD_COLLATION_CONNECTION=@@COLLATION_CONNECTION */;
/*!40101 SET NAMES utf8mb4 */;

--
-- Database: `registrasi`
--

-- --------------------------------------------------------

--
-- Struktur dari tabel `anggota`
--

CREATE TABLE `anggota` (
  `id` int(11) NOT NULL,
  `nak` int(11) DEFAULT NULL,
  `nama` varchar(50) DEFAULT NULL,
  `nik` varchar(11) DEFAULT NULL
) ENGINE=InnoDB DEFAULT CHARSET=utf8;

--
-- Dumping data untuk tabel `anggota`
--

INSERT INTO `anggota` (`id`, `nak`, `nama`, `nik`) VALUES
(1, 400, 'MOCHAMAD OSMANI', '551639'),
(2, 634, 'MIMIK SUMIYATI', '601427'),
(3, 638, 'EDDY SUHARDI', '601442'),
(4, 639, 'ENGKOS KOSRIYADI', '630365'),
(5, 646, 'YAYAT ROHADIYAT', '620923'),
(6, 706, 'NANAN ', '631246'),
(7, 729, 'DINI YULIANI', '631188'),
(8, 758, 'SAMBAS SETIAWAN', '640355'),
(9, 766, 'EEM SULAEMAN', '602129'),
(10, 776, 'YANDI WIYANDI', '640349'),
(11, 839, 'DADANG SUTISNA', '633347'),
(12, 840, 'OMAN SURYANA', '633328'),
(13, 842, 'ATANG SODIKIN', '633319'),
(14, 843, 'DEDI SUJADI', '633340'),
(15, 847, 'IDA SURYADI', '651507'),
(16, 849, 'ATEP KUSNADI', '660600'),
(17, 853, 'UBEY', '642443'),
(18, 866, 'DWI ANDAYANI PUSPORINI, RR', '612114'),
(19, 872, 'SYAFRUDIN', '622085'),
(20, 887, 'DAVID WAIRISSAL', '631357'),
(21, 888, 'ADIANA MAJID', '622181'),
(22, 889, 'IBNU MUTOWALI', '640450'),
(23, 895, 'NINA HERLINA', '631393'),
(24, 904, 'ALEX INDRA PALAKA', '640452'),
(25, 947, 'DEDI SADIMAN', '680453'),
(26, 950, 'LEO DANDUN BINTORO', '660599'),
(27, 952, 'RACHMAT', '670514'),
(28, 955, 'ASEP JIJI', '651508'),
(29, 956, 'SULAEMAN', '680452'),
(30, 958, 'UJANG SUBANDAR', '642436'),
(31, 959, 'DEDI SUTARDI', '642452'),
(32, 968, 'DEWI ASIH RATNASIH', '601999'),
(33, 975, 'CUCUM KOLSUM', '650462'),
(34, 977, 'ONENG RESMAYATI', '650470'),
(35, 978, 'IIS SOFIANI', '622739'),
(36, 979, 'ENTEP DJAENUDIN', '641293'),
(37, 986, 'ASRI HAMBALI', '632184'),
(38, 988, 'ISKANDAR ZULKARNAIN', '641309'),
(39, 998, 'DJUHANA', '632181'),
(40, 1002, 'AYI SUDRAJAT', '631213'),
(41, 1061, 'LILIS ANDESAH', '601996'),
(42, 1142, 'SURYANA', '642451'),
(43, 1143, 'ADANG AHMAD ISKANDAR', '633346'),
(44, 1235, 'I PUTU YASA', '640014'),
(45, 1272, 'YOHANES WIJANARTO', '600450'),
(46, 1341, 'LILIS RITA RACHMAYATI', '640181'),
(47, 1342, 'YULI HARNI RISNAWATI', '640280'),
(48, 1388, 'KADAR WINARTI', '650475'),
(49, 1403, 'EUIS NURAENI', '631186'),
(50, 1404, 'HARYANI', '640338'),
(51, 1435, 'MINTONI PASARIBU', '601474'),
(52, 1554, 'TIEN SAADAH', '631184'),
(53, 1639, 'NENA TAHER', '620108'),
(54, 1645, 'MAS RORO SETIAWATI', '631390'),
(55, 1647, 'APIS RAPISAH SILAWATI', '650156'),
(56, 1692, 'DANI WENDANINGSIH', '622194'),
(57, 1695, 'NURCAHYANI', '631394'),
(58, 1696, 'DIANI PRUWATI', '640481'),
(59, 1698, 'ENTIN RUSTINI', '640498'),
(60, 1700, 'II MULYATI', '650145'),
(61, 1732, 'SUPRIYONO', '632133'),
(62, 1759, 'YAYAT RUHIYAT', '622039'),
(63, 1761, 'DEDI SULAEMAN', '650974'),
(64, 1769, 'SRI ROSANTI', '680119'),
(65, 1780, 'SURYATI', '631232'),
(66, 1815, 'ADANG SUPRIADI', '631206'),
(67, 1837, 'HERRY SUNANDI', '660065'),
(68, 1876, 'YAYAT SUDRADJAT', '670513'),
(69, 1877, 'SAMSURI', '642454'),
(70, 1882, 'NEDIH', '633336'),
(71, 1884, 'ADIN TARDIN', '660598'),
(72, 2009, 'IYAN SUPRIATNA', '622051'),
(73, 2027, 'NURAH GUNARIAH', '650150'),
(74, 2048, 'SUMARNI', '640490'),
(75, 2056, 'TATI RIZKIANI ISKANDAR', '631191'),
(76, 2089, 'ONENG HALIMAH', '640505'),
(77, 2172, 'HERI CUNIAWAN', '670515'),
(78, 2254, 'BUMIANI', '640129'),
(79, 2323, 'ISDIANTO', '590122'),
(80, 2433, 'RADEN SITI FATIMAH', '730018'),
(81, 2464, 'SUHARIJONO', '680071'),
(82, 2468, 'SUNARYANTO', '580726'),
(83, 2506, 'SARWONO', '611198'),
(84, 2511, 'DANIEL WALENRANG TANAN', '651247'),
(85, 2539, 'LIMAN', '640079'),
(86, 2540, 'WAWAN SETIAWAN', '650458'),
(87, 2589, 'NURIH SITEPU', '622907'),
(88, 2611, 'JULAEHA', '660062'),
(89, 2642, 'FARIDAH', '590590'),
(90, 2644, 'TANTRI HARIMURTI', '630348'),
(91, 2646, 'ROSDIANA', '640457'),
(92, 2656, 'ATI KURNIATI,NY', '620914'),
(93, 2671, 'YUDI YUNIADI', '600298'),
(94, 2708, 'SRI MULYATI', '700459'),
(95, 2709, 'SRI LESTARI ANDAYANI', '710228'),
(96, 2710, 'ERNI KUSTININGSIH', '700456'),
(97, 2713, 'SYARIAH SAGALA', '680449'),
(98, 2716, 'INNA KARTINA', '690404'),
(99, 2718, 'KRISTIANI PUDIASTUTI', '700445'),
(100, 2719, 'EUIS TATI ROHAENI', '700447'),
(101, 2739, 'HERRY SUHENDI', '591351'),
(102, 2743, 'TASIAH', '640081'),
(103, 2745, 'HILMAN GUMILAR', '740002'),
(104, 2768, 'SRI WIDANINGSIH,NY', '601424'),
(105, 2774, 'SITI NURBAENI', '640459'),
(106, 2777, 'EKA WIDIHASTUTI', '660147'),
(107, 2851, 'NANY SOESILOWATI', '641287'),
(108, 2865, 'TUTI HERAWATI, RR.', '610422'),
(109, 2868, 'SRI HERTIN', '621070'),
(110, 2870, 'NINA MARLINA', '630826'),
(111, 2879, 'ENDANG IRIANI', '622313'),
(112, 2924, 'TAUFIK RAYAGUNG', '542087'),
(113, 2969, 'MAIMUNAH', '621158'),
(114, 2986, 'ADANG HENDANG', '561665'),
(115, 3005, 'DADANG KUSMANA', '633323'),
(116, 3007, 'KARWAN SUKMANA', '642273'),
(117, 3008, 'ATANG SUGANDA', '642274'),
(118, 3011, 'WAWAN RUDIANTO', '651377'),
(119, 3015, 'ASEP SURYANA', '651384'),
(120, 3084, 'SURYONO', '650729'),
(121, 3227, 'EUIS SUSILA ELIYANA', '620166'),
(122, 3259, 'YAYA', '622745'),
(123, 3310, 'ACHMAD', '642194'),
(124, 3319, 'DJONET BAMBANG GUNAWAN', '641406'),
(125, 3379, 'AHMAD HUNEN', '720119'),
(126, 3402, 'YUSUF ABDULLAH', '551149'),
(127, 3403, 'HERRY PURNOMO', '560011'),
(128, 3406, 'DJOKO HARIADI', '550759'),
(129, 3407, 'SALIM HADI', '570804'),
(130, 3411, 'SETIANTI DEWI ROSLIANA', '640494'),
(131, 3432, 'HENU TRIYANTO', '560389'),
(132, 3435, 'SUHARMADJI', '640548'),
(133, 3436, 'SRI SETIANI NY', '641302'),
(134, 3455, 'DANAN RIANTA', '651362'),
(135, 3460, 'UJANG SUNARYA', '621606'),
(136, 3461, 'NUNUNG HERYANA', '641507'),
(137, 3463, 'DIDIN SAPRUDIN', '640083'),
(138, 3465, 'KP. ANTONIUS TRIGAMAWAN', '610352'),
(139, 3473, 'MOHAMAD SAKBAN', '620046'),
(140, 3474, 'EKO SUROSO', '631356'),
(141, 3478, 'I GST AYU CANDRA MAHAGANDHI', '621758'),
(142, 3487, 'UMI INDRA DJULAEHA', '622737'),
(143, 3524, 'DESMULYATI ADRIANI', '590827'),
(144, 3526, 'AGUS KAYUN', '630652'),
(145, 3530, 'MOHAMAD SETIAWAN', '531428'),
(146, 3540, 'NOTO PRAYITNO', '611290'),
(147, 3549, 'NURWIJAYADI', '730145'),
(148, 3571, 'USUP', '622091'),
(149, 3576, 'SUMYATI DATO SALAMA', '650923'),
(150, 3577, 'KOKOH KABUL AMIN', '730122'),
(151, 3580, 'HULMAN MARASI', '632969'),
(152, 3583, 'IRWAN SOBRIAN', '710420'),
(153, 3584, 'NGADI WULYO UTOMO', '670211'),
(154, 3592, 'NENENG SETIATI', '602022'),
(155, 3596, 'ANDAR HIDAYAT', '621704'),
(156, 3599, 'RUMZIBAY', '600646'),
(157, 3605, 'DEVIJANE FEBRIYANTE SIAGIAN', '650836'),
(158, 3607, 'ROBIADY', '600673'),
(159, 3609, 'TRI HARSO', '640147'),
(160, 3612, 'AKHMAD RIYANTO', '641458'),
(161, 3619, 'HARLAN SISWADI', '650977'),
(162, 3621, 'NASRUL FATAH', '670343'),
(163, 3622, 'HAYATUL FIKRI', '632417'),
(164, 3623, 'SABRI RASYID', '680149'),
(165, 3624, 'MUHAMMAD MUAF', '620121'),
(166, 3625, 'MUHAMMAD KHOLILUDDIN FAHRI', '641985'),
(167, 3627, 'UNTUNG SETIABUDI.S, RD IR', '642143'),
(168, 3628, 'ACHMAD HARIJADI, S.E.', '630780'),
(169, 3632, 'FEBRUARTO', '730262'),
(170, 3635, 'DENI HAMDANI', '650876'),
(171, 3637, 'ETTY HERAWATI', '640486'),
(172, 3638, 'RUSTAM EFENDI', '830105'),
(173, 3639, 'R. WIDHA ANDI PARMOKO', '850089'),
(174, 3641, 'ISYA SUNARDI', '650705'),
(175, 3644, 'ACHMAD SUWANDA', '680365'),
(176, 3645, 'KEN WIDURI', '740316'),
(177, 3648, 'MAMAN AGUS ROKHMAN', '590455'),
(178, 3649, 'PRADIPTA WISMAYA ALBY', '860135'),
(179, 3650, 'SUHARNO', '640966'),
(180, 3652, 'B I N U R I', '632944'),
(181, 3653, 'JOKO WIYONO', '730335'),
(182, 3654, 'PATRIS SUPRIADI', '621466'),
(183, 3655, 'SAFYUL', '640123'),
(184, 3656, 'SUMPENA', '631189'),
(185, 3659, 'FIRDATIN HASTUTI', '641107'),
(186, 3662, 'TEDY ANANDA PRIBADI', '642445'),
(187, 3663, 'JAJANG HIDAYAT', '620913'),
(188, 3666, 'ULY DHANA SITUMORANG', '641282'),
(189, 3667, 'SETYA WIBAWA', '710499'),
(190, 3670, 'MAMAY M JUMARDI', '660224'),
(191, 3671, 'SOEMARJOTO', '601332'),
(192, 3672, 'ZURIANTI', '632437'),
(193, 3674, 'DANANG TJATUR. W', '720169'),
(194, 3675, 'SATRIA REKSANEGARA', '650801'),
(195, 3676, 'ISMIYATI,NY', '650447'),
(196, 3677, 'ASMANUR ARUMSARI', '820042'),
(197, 3680, 'MOELIJANA YOEDHI', '630790'),
(198, 3681, 'AIDA KHAIRATI', '650867'),
(199, 3682, 'ASHARIL YANI DARVI SALMAN', '650608'),
(200, 3683, 'ANITA RAHAYU', '730163'),
(201, 3688, 'DJOKO SUHARDOJO', '530258'),
(202, 3685, 'RIESYA RACHMASARIE', '910011'),
(203, 3690, 'JOHAN GIFARI', '920087'),
(204, 3691, 'DANI SARBINI', '631248'),
(205, 3692, 'HERRY GUNAWAN', '622096'),
(206, 3693, 'ROHMAN', '670457'),
(207, 3695, 'IVAN WIRYAWAN HEROWARDANA', '670201'),
(208, 3696, 'EDI KUSWANDI', '622100'),
(209, 3697, 'AGUNG PRIYAMBODO, ST', '730175'),
(210, 3698, 'AGUS SATRIAWAN', '730444'),
(211, 3699, 'CHARWESTINA', '640593'),
(212, 3700, 'MAMAN SUHERMAN', '650888'),
(213, 3701, 'GUNANDAR', '690296'),
(214, 3702, 'RADEN ASRI MELINDA HAKIM', '910099'),
(215, 3703, 'UCU MULYATI', '630833'),
(216, 3704, 'RINI MARLIANI', '690402'),
(217, 9012, 'METI KURNIASIH', 'PEGKOP'),
(218, 9017, 'ASEP AHMAD', 'PEGKOP'),
(219, 9019, 'RIYADI DERAJAT', 'PEGKOP'),
(220, 9020, 'RACHMAT HIDAYAT', 'PEGKOP'),
(221, 9021, 'ASEP HIDAYAT', 'PEGKOP'),
(222, 9023, 'DIMROH HASBUNA', 'PEGKOP'),
(223, 9024, 'EDED DEDI', 'PEGKOP'),
(224, 9028, 'YAN SAPTADI', 'PEGKOP'),
(225, 9030, 'TETI SUKMAWATI', 'PEGKOP'),
(226, 9031, 'MILA AMALIA', 'PEGKOP'),
(227, 9042, 'HERI HERYADI', 'PEGKOP'),
(228, 9043, 'MACHYAR', 'PEGKOP'),
(229, 9044, 'BAMBANG WIRYAWAN', 'PEGKOP'),
(230, 9045, 'DODI HIDAYAT', 'PEGKOP'),
(231, 9046, 'RINI NURAENI', 'PEGKOP'),
(232, 9055, 'MIRA DEWI KANTIKA', 'PEGKOP'),
(233, 9057, 'ERNIYATI', 'PEGKOP'),
(234, 9063, 'ROEBIANA LIBRANSYAH', 'PEGKOP'),
(235, 9076, 'DADANG JUNAEDI', 'PEGKOP'),
(236, 9085, 'YORI MULYANA', 'PEGKOP'),
(237, 9087, 'YULIA KURAESIN', 'PEGKOP'),
(238, 9090, 'DADANG SUPRIADI', 'PEGKOP'),
(239, 9093, 'RIKA YATMIKASARI', 'PEGKOP'),
(240, 9094, 'YANYAN KEMALUDIN', 'PEGKOP'),
(241, 9096, 'IRWAN SAPTA P.', 'PEGKOP'),
(242, 9098, 'CANDRA RIDWAN', 'PEGKOP'),
(243, 9101, 'BUDIAR HAMID', 'PEGKOP'),
(244, 9102, 'NANDANG SAKTIYANTO', 'PEGKOP'),
(245, 9113, 'ASEP WAHYUDIN', 'PEGKOP'),
(246, 9126, 'ATIE PURWATININGSIH', 'PEGKOP'),
(247, 9130, 'SURYANI NURAFIAH', 'PEGKOP'),
(248, 9132, 'ILYAS', 'PEGKOP'),
(249, 9900, 'SURYO SANTOSA', 'DCM'),
(250, 9901, 'DEDI RUSNADI', 'DCM'),
(251, 9902, 'SUTRISNO', 'DCM'),
(252, 9903, 'ENDANG SUHANDI', 'DCM'),
(253, 9904, 'M. DONNA', 'DCM'),
(254, 9905, 'ARNES AGUSTIN', 'DCM'),
(255, 9906, 'AYI DEDI', 'DCM'),
(256, 9907, 'NURAISYAH', 'DCM'),
(257, 880039, 'SEPTIRASYAHYANI', '880039'),
(258, 631227, 'YUDI YUNIARTO', '631227');

-- --------------------------------------------------------

--
-- Struktur dari tabel `bayar`
--

CREATE TABLE `bayar` (
  `bayar` int(11) NOT NULL
) ENGINE=InnoDB DEFAULT CHARSET=latin1;

--
-- Dumping data untuk tabel `bayar`
--

INSERT INTO `bayar` (`bayar`) VALUES
(700000);

-- --------------------------------------------------------

--
-- Struktur dari tabel `bendahara`
--

CREATE TABLE `bendahara` (
  `nak` varchar(10) NOT NULL,
  `nama` varchar(50) NOT NULL,
  `nik` varchar(30) DEFAULT NULL
) ENGINE=InnoDB DEFAULT CHARSET=latin1;

--
-- Dumping data untuk tabel `bendahara`
--

INSERT INTO `bendahara` (`nak`, `nama`, `nik`) VALUES
('9046', 'RINI NURAENI', 'PEGKOP');

-- --------------------------------------------------------

--
-- Struktur dari tabel `kehadiran`
--

CREATE TABLE `kehadiran` (
  `waktu` datetime NOT NULL,
  `nak` int(11) NOT NULL,
  `status` enum('HADIR','KUASA') NOT NULL,
  `user` varchar(30) NOT NULL,
  `temp` int(1) NOT NULL,
  `id_kuasa` int(11) NOT NULL,
  `no_kupon` int(11) NOT NULL,
  `jam` time NOT NULL,
  `cetak` int(1) NOT NULL
) ENGINE=InnoDB DEFAULT CHARSET=latin1;

--
-- Dumping data untuk tabel `kehadiran`
--

INSERT INTO `kehadiran` (`waktu`, `nak`, `status`, `user`, `temp`, `id_kuasa`, `no_kupon`, `jam`, `cetak`) VALUES
('2019-03-09 09:26:54', 634, 'HADIR', 'YULIA KURAESIN', 0, 634, 123, '09:26:54', 1),
('2019-03-09 10:07:25', 638, 'HADIR', 'RIKA YATMIKASARI', 0, 638, 141, '10:07:25', 1),
('2019-03-09 09:00:49', 646, 'HADIR', 'YORI MULYANA', 0, 646, 80, '09:00:49', 1),
('2019-03-09 09:16:29', 766, 'HADIR', 'YORI MULYANA', 0, 766, 105, '09:16:29', 1),
('2019-03-09 09:51:18', 776, 'HADIR', 'RIKA YATMIKASARI', 0, 776, 137, '09:51:18', 1),
('2019-03-09 10:22:05', 839, 'HADIR', 'YULIA KURAESIN', 0, 839, 149, '10:22:05', 1),
('2019-03-09 08:35:03', 843, 'HADIR', 'YORI MULYANA', 0, 843, 31, '08:35:03', 1),
('2019-03-09 08:57:10', 847, 'HADIR', 'RIKA YATMIKASARI', 0, 847, 71, '08:57:10', 1),
('2019-03-09 08:04:46', 872, 'HADIR', 'YULIA KURAESIN', 0, 872, 11, '08:04:46', 1),
('2019-03-09 08:53:52', 887, 'HADIR', 'YORI MULYANA', 0, 887, 64, '08:53:52', 1),
('2019-03-09 08:46:50', 895, 'HADIR', 'YULIA KURAESIN', 0, 895, 54, '08:46:50', 1),
('2019-03-09 09:28:12', 904, 'HADIR', 'YORI MULYANA', 0, 904, 126, '09:28:12', 1),
('2019-03-09 09:11:23', 947, 'HADIR', 'YULIA KURAESIN', 0, 947, 95, '09:11:23', 1),
('2019-03-09 10:18:17', 950, 'HADIR', 'RIKA YATMIKASARI', 0, 950, 145, '10:18:17', 1),
('2019-03-09 09:10:33', 952, 'HADIR', 'YULIA KURAESIN', 0, 952, 93, '09:10:33', 1),
('2019-03-09 09:59:32', 955, 'HADIR', 'YORI MULYANA', 0, 955, 140, '09:59:32', 1),
('2019-03-09 10:35:04', 956, 'HADIR', 'RIKA YATMIKASARI', 0, 956, 156, '10:35:04', 1),
('2019-03-09 08:40:54', 958, 'HADIR', 'RIKA YATMIKASARI', 0, 958, 42, '08:40:54', 1),
('2019-03-09 09:11:48', 959, 'HADIR', 'YORI MULYANA', 0, 959, 96, '09:11:48', 1),
('2019-03-09 09:38:51', 968, 'HADIR', 'YORI MULYANA', 0, 968, 132, '09:38:51', 1),
('2019-03-09 09:25:59', 978, 'HADIR', 'YULIA KURAESIN', 0, 978, 122, '09:25:59', 1),
('2019-03-09 09:37:06', 979, 'HADIR', 'YORI MULYANA', 0, 979, 131, '09:37:06', 1),
('2019-03-09 08:18:59', 998, 'HADIR', 'RIKA YATMIKASARI', 0, 998, 18, '08:18:59', 1),
('2019-03-09 10:20:20', 1002, 'HADIR', 'RIKA YATMIKASARI', 0, 1002, 146, '10:20:20', 1),
('2019-03-09 09:56:25', 1061, 'HADIR', 'RIKA YATMIKASARI', 0, 1061, 139, '09:56:25', 1),
('2019-03-09 09:12:20', 1142, 'HADIR', 'RIKA YATMIKASARI', 0, 1142, 98, '09:12:20', 1),
('2019-03-09 09:09:48', 1143, 'HADIR', 'YULIA KURAESIN', 0, 1143, 90, '09:09:48', 1),
('2019-03-09 08:39:41', 1272, 'HADIR', 'RIKA YATMIKASARI', 0, 1272, 39, '08:39:41', 1),
('2019-03-09 10:42:58', 1341, 'HADIR', 'RIKA YATMIKASARI', 0, 1341, 158, '10:42:58', 1),
('2019-03-09 08:36:33', 1342, 'HADIR', 'YULIA KURAESIN', 0, 1342, 33, '08:36:33', 1),
('2019-03-09 09:15:11', 1388, 'HADIR', 'YORI MULYANA', 0, 1388, 103, '09:15:11', 1),
('2019-03-09 08:44:23', 1404, 'HADIR', 'YORI MULYANA', 0, 1404, 48, '08:44:23', 1),
('2019-03-09 09:15:52', 1639, 'HADIR', 'RIKA YATMIKASARI', 0, 1639, 104, '09:15:52', 1),
('2019-03-09 09:13:03', 1645, 'HADIR', 'YULIA KURAESIN', 0, 1645, 99, '09:13:03', 1),
('2019-03-09 08:58:50', 1732, 'HADIR', 'RIKA YATMIKASARI', 0, 1732, 75, '08:58:50', 1),
('2019-03-09 08:01:55', 1761, 'HADIR', 'YULIA KURAESIN', 0, 1761, 10, '08:01:55', 1),
('2019-03-09 10:44:31', 1876, 'HADIR', 'RIKA YATMIKASARI', 0, 1876, 160, '10:44:31', 1),
('2019-03-09 08:43:59', 1884, 'HADIR', 'RIKA YATMIKASARI', 0, 1884, 47, '08:43:59', 1),
('2019-03-09 08:44:59', 2009, 'HADIR', 'RIKA YATMIKASARI', 0, 2009, 49, '08:44:59', 1),
('2019-03-09 08:47:15', 2056, 'HADIR', 'RIKA YATMIKASARI', 0, 2056, 55, '08:47:15', 1),
('2019-03-09 10:08:11', 2089, 'HADIR', 'RIKA YATMIKASARI', 0, 2089, 142, '10:08:11', 1),
('2019-03-09 07:54:49', 2172, 'HADIR', 'YORI MULYANA', 0, 2172, 5, '07:54:49', 1),
('2019-03-09 08:52:11', 2254, 'HADIR', 'YORI MULYANA', 0, 2254, 62, '08:52:11', 1),
('2019-03-09 09:04:14', 2323, 'HADIR', 'YULIA KURAESIN', 0, 2323, 83, '09:04:14', 1),
('2019-03-09 08:19:48', 2464, 'HADIR', 'YORI MULYANA', 0, 2464, 19, '08:19:48', 1),
('2019-03-09 08:25:57', 2540, 'HADIR', 'RIKA YATMIKASARI', 0, 2540, 24, '08:25:57', 1),
('2019-03-09 09:27:28', 2589, 'HADIR', 'RIKA YATMIKASARI', 0, 2589, 125, '09:27:28', 1),
('2019-03-09 08:33:08', 2611, 'HADIR', 'YULIA KURAESIN', 0, 2611, 27, '08:33:08', 1),
('2019-03-09 08:50:58', 2644, 'HADIR', 'YORI MULYANA', 0, 2644, 60, '08:50:58', 1),
('2019-03-09 08:49:57', 2646, 'HADIR', 'RIKA YATMIKASARI', 0, 2646, 58, '08:49:57', 1),
('2019-03-09 10:51:17', 2656, 'HADIR', 'RIKA YATMIKASARI', 0, 2656, 161, '10:51:17', 1),
('2019-03-09 08:10:19', 2709, 'HADIR', 'RIKA YATMIKASARI', 0, 2709, 15, '08:10:19', 1),
('2019-03-09 08:53:53', 2710, 'HADIR', 'RIKA YATMIKASARI', 0, 2710, 65, '08:53:53', 1),
('2019-03-09 10:30:21', 2743, 'HADIR', 'RIKA YATMIKASARI', 0, 2743, 155, '10:30:21', 1),
('2019-03-09 08:45:34', 2745, 'HADIR', 'YORI MULYANA', 0, 2745, 50, '08:45:34', 1),
('2019-03-09 09:44:57', 2768, 'HADIR', 'RIKA YATMIKASARI', 0, 2768, 135, '09:44:57', 1),
('2019-03-09 08:51:11', 2774, 'HADIR', 'RIKA YATMIKASARI', 0, 2774, 61, '08:51:11', 1),
('2019-03-09 09:15:09', 2851, 'HADIR', 'YULIA KURAESIN', 0, 2851, 102, '09:15:09', 1),
('2019-03-09 08:50:54', 2865, 'HADIR', 'YULIA KURAESIN', 0, 2865, 59, '08:50:54', 1),
('2019-03-09 09:12:17', 2870, 'HADIR', 'YULIA KURAESIN', 0, 2870, 97, '09:12:17', 1),
('2019-03-09 08:34:17', 2879, 'HADIR', 'YULIA KURAESIN', 0, 2879, 30, '08:34:17', 1),
('2019-03-09 07:53:23', 2924, 'HADIR', 'YORI MULYANA', 0, 2924, 3, '07:53:23', 1),
('2019-03-09 08:21:06', 2969, 'HADIR', 'RIKA YATMIKASARI', 0, 2969, 20, '08:21:06', 1),
('2019-03-09 08:41:54', 2986, 'HADIR', 'YULIA KURAESIN', 0, 2986, 44, '08:41:54', 1),
('2019-03-09 09:27:02', 3005, 'HADIR', 'YORI MULYANA', 0, 3005, 124, '09:27:02', 1),
('2019-03-09 09:30:06', 3007, 'HADIR', 'YORI MULYANA', 0, 3007, 129, '09:30:06', 1),
('2019-03-09 08:29:10', 3008, 'HADIR', 'YORI MULYANA', 0, 3008, 25, '08:29:10', 1),
('2019-03-09 08:08:06', 3011, 'HADIR', 'YORI MULYANA', 0, 3011, 12, '08:08:06', 1),
('2019-03-09 09:16:40', 3015, 'HADIR', 'RIKA YATMIKASARI', 0, 3015, 106, '09:16:40', 1),
('2019-03-09 08:22:52', 3084, 'HADIR', 'YORI MULYANA', 0, 3084, 22, '08:22:52', 1),
('2019-03-09 08:57:43', 3379, 'HADIR', 'YORI MULYANA', 0, 3379, 72, '08:57:43', 1),
('2019-03-09 09:22:57', 3402, 'HADIR', 'YORI MULYANA', 0, 3402, 116, '09:22:57', 1),
('2019-03-09 08:45:44', 3403, 'HADIR', 'YULIA KURAESIN', 0, 3403, 51, '08:45:44', 1),
('2019-03-09 08:43:03', 3406, 'HADIR', 'YULIA KURAESIN', 0, 3406, 46, '08:43:03', 1),
('2019-03-09 10:08:17', 3436, 'HADIR', 'YULIA KURAESIN', 0, 3436, 143, '10:08:17', 1),
('2019-03-09 08:48:50', 3455, 'HADIR', 'RIKA YATMIKASARI', 0, 3455, 57, '08:48:50', 1),
('2019-03-09 09:47:16', 3460, 'HADIR', 'RIKA YATMIKASARI', 0, 3460, 136, '09:47:16', 1),
('2019-03-09 10:23:23', 3473, 'HADIR', 'RIKA YATMIKASARI', 0, 3473, 151, '10:23:23', 1),
('2019-03-09 09:28:41', 3487, 'HADIR', 'RIKA YATMIKASARI', 0, 3487, 127, '09:28:41', 1),
('2019-03-09 08:46:25', 3524, 'HADIR', 'RIKA YATMIKASARI', 0, 3524, 52, '08:46:25', 1),
('2019-03-09 10:44:29', 3526, 'HADIR', 'YULIA KURAESIN', 0, 3526, 159, '10:44:29', 1),
('2019-03-09 09:21:41', 3530, 'HADIR', 'YORI MULYANA', 0, 3530, 114, '09:21:41', 1),
('2019-03-09 10:56:31', 3540, 'HADIR', 'RIKA YATMIKASARI', 0, 3540, 162, '10:56:31', 1),
('2019-03-09 08:46:28', 3577, 'HADIR', 'YORI MULYANA', 0, 3577, 53, '08:46:28', 1),
('2019-03-09 07:32:14', 3580, 'HADIR', 'RIKA YATMIKASARI', 0, 3580, 1, '07:32:14', 1),
('2019-03-09 09:24:44', 3592, 'HADIR', 'YULIA KURAESIN', 0, 3592, 118, '09:24:44', 1),
('2019-03-09 09:00:26', 3599, 'HADIR', 'YULIA KURAESIN', 0, 3599, 78, '09:00:26', 1),
('2019-03-09 08:33:14', 3605, 'HADIR', 'RIKA YATMIKASARI', 0, 3605, 28, '08:33:14', 1),
('2019-03-09 08:34:04', 3607, 'HADIR', 'RIKA YATMIKASARI', 0, 3607, 29, '08:34:04', 1),
('2019-03-09 08:56:07', 3609, 'HADIR', 'RIKA YATMIKASARI', 0, 3609, 68, '08:56:07', 1),
('2019-03-09 08:53:09', 3619, 'HADIR', 'YULIA KURAESIN', 0, 3619, 63, '08:53:09', 1),
('2019-03-09 07:46:20', 3628, 'HADIR', 'YORI MULYANA', 0, 3628, 2, '07:46:20', 1),
('2019-03-09 08:37:31', 3632, 'HADIR', 'YULIA KURAESIN', 0, 3632, 35, '08:37:31', 1),
('2019-03-09 09:44:18', 3635, 'HADIR', 'RIKA YATMIKASARI', 0, 3635, 134, '09:44:18', 1),
('2019-03-09 10:20:40', 3641, 'HADIR', 'YORI MULYANA', 0, 3641, 147, '10:20:40', 1),
('2019-03-09 08:58:05', 3645, 'HADIR', 'RIKA YATMIKASARI', 0, 3645, 73, '08:58:05', 1),
('2019-03-09 08:42:08', 3648, 'HADIR', 'RIKA YATMIKASARI', 0, 3648, 45, '08:42:08', 1),
('2019-03-09 08:58:14', 3654, 'HADIR', 'YULIA KURAESIN', 0, 3654, 74, '08:58:14', 1),
('2019-03-09 08:00:55', 3656, 'HADIR', 'RIKA YATMIKASARI', 0, 3656, 8, '08:00:55', 1),
('2019-03-09 08:30:11', 3662, 'HADIR', 'RIKA YATMIKASARI', 0, 3662, 26, '08:30:11', 1),
('2019-03-09 10:21:07', 3663, 'HADIR', 'YULIA KURAESIN', 0, 3663, 148, '10:21:07', 1),
('2019-03-09 09:11:02', 3671, 'HADIR', 'RIKA YATMIKASARI', 0, 3671, 94, '09:11:02', 1),
('2019-03-09 07:54:55', 3675, 'HADIR', 'RIKA YATMIKASARI', 0, 3675, 6, '07:54:55', 1),
('2019-03-09 09:03:46', 3677, 'HADIR', 'RIKA YATMIKASARI', 0, 3677, 82, '09:03:46', 1),
('2019-03-09 09:05:03', 3682, 'HADIR', 'RIKA YATMIKASARI', 0, 3682, 84, '09:05:03', 1),
('2019-03-09 09:23:45', 3688, 'HADIR', 'YULIA KURAESIN', 0, 3688, 117, '09:23:45', 1),
('2019-03-09 09:19:20', 3690, 'HADIR', 'RIKA YATMIKASARI', 0, 3690, 110, '09:19:20', 1),
('2019-03-09 08:58:56', 3691, 'HADIR', 'YORI MULYANA', 0, 3691, 76, '08:58:56', 1),
('2019-03-09 09:25:06', 3692, 'HADIR', 'YORI MULYANA', 0, 3692, 120, '09:25:06', 1),
('2019-03-09 08:24:22', 3697, 'HADIR', 'YORI MULYANA', 0, 3697, 23, '08:24:22', 1),
('2019-03-09 09:24:46', 3699, 'HADIR', 'RIKA YATMIKASARI', 0, 3699, 119, '09:24:46', 1),
('2019-03-09 08:12:41', 3703, 'HADIR', 'YORI MULYANA', 0, 3703, 16, '08:12:41', 1),
('2019-03-09 10:27:17', 9012, 'HADIR', 'YULIA KURAESIN', 0, 9012, 153, '10:27:17', 1),
('2019-03-09 08:41:05', 9017, 'HADIR', 'YORI MULYANA', 0, 9017, 43, '08:41:05', 1),
('2019-03-09 09:05:48', 9019, 'HADIR', 'RIKA YATMIKASARI', 0, 9019, 86, '09:05:48', 1),
('2019-03-09 08:56:37', 9020, 'HADIR', 'YULIA KURAESIN', 0, 9020, 70, '08:56:37', 1),
('2019-03-09 08:35:32', 9021, 'HADIR', 'YULIA KURAESIN', 0, 9021, 32, '08:35:32', 1),
('2019-03-09 08:37:40', 9023, 'HADIR', 'RIKA YATMIKASARI', 0, 9023, 36, '08:37:40', 1),
('2019-03-09 08:38:39', 9024, 'HADIR', 'YULIA KURAESIN', 0, 9024, 37, '08:38:39', 1),
('2019-03-09 09:02:08', 9028, 'HADIR', 'RIKA YATMIKASARI', 0, 9028, 81, '09:02:08', 1),
('2019-03-09 10:28:16', 9030, 'HADIR', 'YULIA KURAESIN', 0, 9030, 154, '10:28:16', 1),
('2019-03-09 08:47:24', 9031, 'HADIR', 'YORI MULYANA', 0, 9031, 56, '08:47:24', 1),
('2019-03-09 07:56:12', 9042, 'HADIR', 'YULIA KURAESIN', 0, 9042, 7, '07:56:12', 1),
('2019-03-09 09:30:01', 9043, 'HADIR', 'RIKA YATMIKASARI', 0, 9043, 128, '09:30:01', 1),
('2019-03-09 09:08:58', 9044, 'HADIR', 'YULIA KURAESIN', 0, 9044, 88, '09:08:58', 1),
('2019-03-09 08:36:43', 9045, 'HADIR', 'RIKA YATMIKASARI', 0, 9045, 34, '08:36:43', 1),
('2019-03-09 09:00:36', 9046, 'HADIR', 'RIKA YATMIKASARI', 0, 9046, 79, '09:00:36', 1),
('2019-03-09 09:13:52', 9055, 'HADIR', 'YULIA KURAESIN', 0, 9055, 100, '09:13:52', 1),
('2019-03-09 09:09:57', 9057, 'HADIR', 'RIKA YATMIKASARI', 0, 9057, 91, '09:09:57', 1),
('2019-03-09 09:05:34', 9063, 'HADIR', 'YULIA KURAESIN', 0, 9063, 85, '09:05:34', 1),
('2019-03-09 09:07:57', 9076, 'HADIR', 'YULIA KURAESIN', 0, 9076, 87, '09:07:57', 1),
('2019-03-09 09:09:59', 9085, 'HADIR', 'YORI MULYANA', 0, 9085, 92, '09:09:59', 1),
('2019-03-09 09:20:44', 9087, 'HADIR', 'YULIA KURAESIN', 0, 9087, 113, '09:20:44', 1),
('2019-03-09 09:09:10', 9090, 'HADIR', 'RIKA YATMIKASARI', 0, 9090, 89, '09:09:10', 1),
('2019-03-09 09:20:15', 9093, 'HADIR', 'RIKA YATMIKASARI', 0, 9093, 112, '09:20:15', 1),
('2019-03-09 08:54:04', 9094, 'HADIR', 'YULIA KURAESIN', 0, 9094, 66, '08:54:04', 1),
('2019-03-09 09:19:47', 9096, 'HADIR', 'YORI MULYANA', 0, 9096, 111, '09:19:47', 1),
('2019-03-09 09:18:17', 9098, 'HADIR', 'RIKA YATMIKASARI', 0, 9098, 108, '09:18:17', 1),
('2019-03-09 09:18:38', 9101, 'HADIR', 'YORI MULYANA', 0, 9101, 109, '09:18:38', 1),
('2019-03-09 07:53:26', 9102, 'HADIR', 'YULIA KURAESIN', 0, 9102, 4, '07:53:26', 1),
('2019-03-09 09:42:11', 9113, 'HADIR', 'RIKA YATMIKASARI', 0, 9113, 133, '09:42:11', 1),
('2019-03-09 08:09:52', 9126, 'HADIR', 'YULIA KURAESIN', 0, 9126, 14, '08:09:52', 1),
('2019-03-09 09:17:00', 9130, 'HADIR', 'YULIA KURAESIN', 0, 9130, 107, '09:17:00', 1),
('2019-03-09 08:55:42', 9132, 'HADIR', 'YULIA KURAESIN', 0, 9132, 67, '08:55:42', 1),
('2019-03-09 08:15:44', 9900, 'HADIR', 'YORI MULYANA', 0, 9900, 17, '08:15:44', 1),
('2019-03-09 08:40:12', 9901, 'HADIR', 'YORI MULYANA', 0, 9901, 40, '08:40:12', 1),
('2019-03-09 08:40:48', 9902, 'HADIR', 'YULIA KURAESIN', 0, 9902, 41, '08:40:48', 1),
('2019-03-09 08:09:22', 9903, 'HADIR', 'YORI MULYANA', 0, 9903, 13, '08:09:22', 1),
('2019-03-09 09:55:02', 9905, 'HADIR', 'RIKA YATMIKASARI', 0, 9905, 138, '09:55:02', 1),
('2019-03-09 08:59:56', 9906, 'HADIR', 'YORI MULYANA', 0, 9906, 77, '08:59:56', 1),
('2019-03-09 08:01:50', 9907, 'HADIR', 'YORI MULYANA', 0, 9907, 9, '08:01:50', 1),
('2019-03-09 08:56:27', 631227, 'HADIR', 'YORI MULYANA', 0, 631227, 69, '08:56:27', 1),
('2019-03-09 08:38:43', 880039, 'HADIR', 'YORI MULYANA', 0, 880039, 38, '08:38:43', 1);

-- --------------------------------------------------------

--
-- Struktur dari tabel `kuasa`
--

CREATE TABLE `kuasa` (
  `id_kuasa` int(11) NOT NULL,
  `nak` int(11) NOT NULL,
  `status` varchar(10) NOT NULL,
  `user` varchar(50) NOT NULL,
  `waktu` datetime NOT NULL,
  `temp` int(1) NOT NULL,
  `no_kupon` int(11) NOT NULL,
  `jam` time NOT NULL,
  `status2` varchar(10) NOT NULL,
  `cetak` int(1) NOT NULL
) ENGINE=InnoDB DEFAULT CHARSET=latin1;

--
-- Dumping data untuk tabel `kuasa`
--

INSERT INTO `kuasa` (`id_kuasa`, `nak`, `status`, `user`, `waktu`, `temp`, `no_kupon`, `jam`, `status2`, `cetak`) VALUES
(958, 639, 'KUASA', 'RIKA YATMIKASARI', '2019-03-09 08:40:54', 0, 42, '08:40:54', '', 0),
(2464, 706, 'KUASA', 'YORI MULYANA', '2019-03-09 08:19:48', 0, 144, '08:19:48', 'HADIR', 1),
(1404, 729, 'KUASA', 'YORI MULYANA', '2019-03-09 08:44:23', 0, 115, '08:44:23', 'HADIR', 1),
(843, 758, 'KUASA', 'YORI MULYANA', '2019-03-09 08:35:03', 0, 31, '08:35:03', '', 0),
(9043, 840, 'KUASA', 'RIKA YATMIKASARI', '2019-03-09 09:30:01', 0, 128, '09:30:01', '', 0),
(776, 849, 'KUASA', 'RIKA YATMIKASARI', '2019-03-09 09:51:18', 0, 137, '09:51:18', '', 0),
(9090, 853, 'KUASA', 'RIKA YATMIKASARI', '2019-03-09 09:09:10', 0, 89, '09:09:10', '', 0),
(2710, 975, 'KUASA', 'RIKA YATMIKASARI', '2019-03-09 08:53:53', 0, 130, '08:53:53', 'HADIR', 1),
(1388, 977, 'KUASA', 'YORI MULYANA', '2019-03-09 09:15:11', 0, 103, '09:15:11', '', 0),
(1388, 988, 'KUASA', 'YORI MULYANA', '2019-03-09 09:15:11', 0, 150, '09:15:11', 'HADIR', 1),
(1404, 1403, 'KUASA', 'YORI MULYANA', '2019-03-09 08:44:23', 0, 101, '08:44:23', 'HADIR', 1),
(1639, 1554, 'KUASA', 'RIKA YATMIKASARI', '2019-03-09 09:15:52', 0, 104, '09:15:52', '', 0),
(2710, 1695, 'KUASA', 'RIKA YATMIKASARI', '2019-03-09 08:53:53', 0, 65, '08:53:53', '', 0),
(3609, 1696, 'KUASA', 'RIKA YATMIKASARI', '2019-03-09 08:56:07', 0, 68, '08:56:07', '', 0),
(3675, 1700, 'KUASA', 'RIKA YATMIKASARI', '2019-03-09 07:54:55', 0, 6, '07:54:55', '', 0),
(998, 1759, 'KUASA', 'RIKA YATMIKASARI', '2019-03-09 08:18:59', 0, 18, '08:18:59', '', 0),
(3675, 1769, 'KUASA', 'RIKA YATMIKASARI', '2019-03-09 07:54:55', 0, 6, '07:54:55', '', 0),
(3540, 1780, 'KUASA', 'RIKA YATMIKASARI', '2019-03-09 10:56:31', 0, 163, '10:56:31', 'HADIR', 1),
(1884, 1815, 'KUASA', 'RIKA YATMIKASARI', '2019-03-09 08:43:59', 0, 47, '08:43:59', '', 0),
(3675, 1877, 'KUASA', 'RIKA YATMIKASARI', '2019-03-09 07:54:55', 0, 6, '07:54:55', '', 0),
(3008, 2027, 'KUASA', 'YORI MULYANA', '2019-03-09 08:29:10', 0, 25, '08:29:10', '', 0),
(9093, 2048, 'KUASA', 'RIKA YATMIKASARI', '2019-03-09 09:20:15', 0, 112, '09:20:15', '', 0),
(2709, 2433, 'KUASA', 'RIKA YATMIKASARI', '2019-03-09 08:10:19', 0, 15, '08:10:19', '', 0),
(9046, 2468, 'KUASA', 'RIKA YATMIKASARI', '2019-03-09 09:00:36', 0, 79, '09:00:36', '', 0),
(843, 2539, 'KUASA', 'YORI MULYANA', '2019-03-09 08:35:03', 0, 31, '08:35:03', '', 0),
(9046, 2642, 'KUASA', 'RIKA YATMIKASARI', '2019-03-09 09:00:36', 0, 79, '09:00:36', '', 0),
(3675, 2708, 'KUASA', 'RIKA YATMIKASARI', '2019-03-09 07:54:55', 0, 6, '07:54:55', '', 0),
(2709, 2713, 'KUASA', 'RIKA YATMIKASARI', '2019-03-09 08:10:19', 0, 15, '08:10:19', '', 0),
(1404, 2716, 'KUASA', 'YORI MULYANA', '2019-03-09 08:44:23', 0, 48, '08:44:23', '', 0),
(3671, 2718, 'KUASA', 'RIKA YATMIKASARI', '2019-03-09 09:11:02', 0, 94, '09:11:02', '', 0),
(2710, 2719, 'KUASA', 'RIKA YATMIKASARI', '2019-03-09 08:53:53', 0, 65, '08:53:53', '', 0),
(3609, 2777, 'KUASA', 'RIKA YATMIKASARI', '2019-03-09 08:56:07', 0, 68, '08:56:07', '', 0),
(9046, 2868, 'KUASA', 'RIKA YATMIKASARI', '2019-03-09 09:00:36', 0, 157, '09:00:36', 'HADIR', 1),
(3530, 3407, 'KUASA', 'YORI MULYANA', '2019-03-09 09:21:41', 0, 114, '09:21:41', '', 0),
(3675, 3465, 'KUASA', 'RIKA YATMIKASARI', '2019-03-09 07:54:55', 0, 6, '07:54:55', '', 0),
(776, 3571, 'KUASA', 'RIKA YATMIKASARI', '2019-03-09 09:51:18', 0, 137, '09:51:18', '', 0),
(2464, 3623, 'KUASA', 'YORI MULYANA', '2019-03-09 08:19:48', 0, 19, '08:19:48', '', 0),
(1404, 3637, 'KUASA', 'YORI MULYANA', '2019-03-09 08:44:23', 0, 152, '08:44:23', 'HADIR', 1),
(958, 3638, 'KUASA', 'RIKA YATMIKASARI', '2019-03-09 08:40:54', 0, 42, '08:40:54', '', 0),
(3005, 3644, 'KUASA', 'YORI MULYANA', '2019-03-09 09:27:02', 0, 124, '09:27:02', '', 0),
(3609, 3650, 'KUASA', 'RIKA YATMIKASARI', '2019-03-09 08:56:07', 0, 68, '08:56:07', '', 0),
(9043, 3652, 'KUASA', 'RIKA YATMIKASARI', '2019-03-09 09:30:01', 0, 128, '09:30:01', '', 0),
(2709, 3653, 'KUASA', 'RIKA YATMIKASARI', '2019-03-09 08:10:19', 0, 21, '08:10:19', 'HADIR', 1),
(3677, 3655, 'KUASA', 'RIKA YATMIKASARI', '2019-03-09 09:03:46', 0, 82, '09:03:46', '', 0),
(9085, 3659, 'KUASA', 'YORI MULYANA', '2019-03-09 09:09:59', 0, 92, '09:09:59', '', 0),
(2709, 3666, 'KUASA', 'RIKA YATMIKASARI', '2019-03-09 08:10:19', 0, 15, '08:10:19', '', 0),
(3675, 3667, 'KUASA', 'RIKA YATMIKASARI', '2019-03-09 07:54:55', 0, 6, '07:54:55', '', 0),
(959, 3674, 'KUASA', 'YORI MULYANA', '2019-03-09 09:11:48', 0, 96, '09:11:48', '', 0),
(1388, 3676, 'KUASA', 'YORI MULYANA', '2019-03-09 09:15:11', 0, 103, '09:15:11', '', 0),
(3609, 3681, 'KUASA', 'RIKA YATMIKASARI', '2019-03-09 08:56:07', 0, 68, '08:56:07', '', 0),
(3379, 3683, 'KUASA', 'YORI MULYANA', '2019-03-09 08:57:43', 0, 72, '08:57:43', '', 0),
(2709, 3685, 'KUASA', 'RIKA YATMIKASARI', '2019-03-09 08:10:19', 0, 15, '08:10:19', '', 0),
(776, 3693, 'KUASA', 'RIKA YATMIKASARI', '2019-03-09 09:51:18', 0, 137, '09:51:18', '', 0),
(2710, 3698, 'KUASA', 'RIKA YATMIKASARI', '2019-03-09 08:53:53', 0, 65, '08:53:53', '', 0),
(1388, 3700, 'KUASA', 'YORI MULYANA', '2019-03-09 09:15:11', 0, 121, '09:15:11', 'HADIR', 1),
(776, 3701, 'KUASA', 'RIKA YATMIKASARI', '2019-03-09 09:51:18', 0, 137, '09:51:18', '', 0),
(2710, 3702, 'KUASA', 'RIKA YATMIKASARI', '2019-03-09 08:53:53', 0, 65, '08:53:53', '', 0),
(3677, 3704, 'KUASA', 'RIKA YATMIKASARI', '2019-03-09 09:03:46', 0, 82, '09:03:46', '', 0);

-- --------------------------------------------------------

--
-- Struktur dari tabel `user`
--

CREATE TABLE `user` (
  `nak` varchar(11) NOT NULL,
  `nama` varchar(50) NOT NULL,
  `password` varchar(11) NOT NULL,
  `level` enum('admin','user') NOT NULL
) ENGINE=InnoDB DEFAULT CHARSET=latin1;

--
-- Dumping data untuk tabel `user`
--

INSERT INTO `user` (`nak`, `nama`, `password`, `level`) VALUES
('9012', 'METI KURNIASIH', '9012', 'user'),
('9017', 'ASEP AHMAD', '9017', 'user'),
('9019', 'RIYADI DERAJAT', '9019', 'admin'),
('9020', 'RACHMAT HIDAYAT', '9020', 'user'),
('9021', 'ASEP HIDAYAT', '9021', 'user'),
('9023', 'DIMROH HASBUNA', '9023', 'user'),
('9024', 'EDED DEDI', '9024', 'user'),
('9028', 'YAN SAPTADI', '9028', 'user'),
('9030', 'TETI SUKMAWATI', '9030', 'user'),
('9031', 'MILA AMALIA', '9031', 'user'),
('9042', 'HERI HERYADI', '9042', 'user'),
('9043', 'MACHYAR', '9043', 'user'),
('9044', 'BAMBANG WIRYAWAN', '9044', 'user'),
('9045', 'DODI HIDAYAT', '9045', 'user'),
('9046', 'RINI NURAENI', '9046', 'user'),
('9055', 'MIRA DEWI KANTIKA', '9055', 'user'),
('9057', 'ERNIYATI', '9057', 'user'),
('9063', 'ROEBIANA LIBRANSYAH', '9063', 'user'),
('9076', 'DADANG JUNAEDI', '9076', 'user'),
('9085', 'YORI MULYANA', '9085', 'user'),
('9087', 'YULIA KURAESIN', '9087', 'user'),
('9090', 'DADANG SUPRIADI', '9090', 'user'),
('9093', 'RIKA YATMIKASARI', '9093', 'user'),
('9094', 'YANYAN KEMALUDIN', '9094', 'user'),
('9096', 'IRWAN SAPTA', '9096', 'user'),
('9098', 'CANDRA RIDWAN', '9098', 'user'),
('9101', 'BUDIAR HAMID', '9101', 'user'),
('9102', 'NANDANG SAKTIYANTO', '9102', 'user'),
('9113', 'ASEP WAHYUDIN', '9113', 'user'),
('9126', 'ATIE PURWATININGSIH', '9126', 'user'),
('9130', 'SURYANI NURAFIAH', '9130', 'user'),
('9132', 'ILYAS', '9132', 'user'),
('9900', 'SURYO SANTOSA', '9900', 'user'),
('9901', 'DEDI RUSNADI', '9901', 'user'),
('9902', 'SUTRISNO', '9902', 'user'),
('9903', 'ENDANG SUHANDI', '9903', 'user'),
('9904', 'M. DONNA', '9904', 'user'),
('9905', 'ARNES AGUSTIN', '9905', 'user'),
('9906', 'AYI DEDI', '9906', 'user'),
('9907', 'NURAISYAH', '9907', 'user'),
('admin', 'ADMIN APPS', 'admin', 'admin');

--
-- Indexes for dumped tables
--

--
-- Indeks untuk tabel `anggota`
--
ALTER TABLE `anggota`
  ADD PRIMARY KEY (`id`);

--
-- Indeks untuk tabel `kehadiran`
--
ALTER TABLE `kehadiran`
  ADD PRIMARY KEY (`nak`);

--
-- Indeks untuk tabel `kuasa`
--
ALTER TABLE `kuasa`
  ADD PRIMARY KEY (`nak`);

--
-- Indeks untuk tabel `user`
--
ALTER TABLE `user`
  ADD PRIMARY KEY (`nak`);
COMMIT;

/*!40101 SET CHARACTER_SET_CLIENT=@OLD_CHARACTER_SET_CLIENT */;
/*!40101 SET CHARACTER_SET_RESULTS=@OLD_CHARACTER_SET_RESULTS */;
/*!40101 SET COLLATION_CONNECTION=@OLD_COLLATION_CONNECTION */;
